nome,email,contactId,tags,responsavel,qtd_mensagens,data_primeira,data_ultima,arquivo
marianna pires de amorim,,Xg4DpTcVizhmMoLrSrLy,3 sessões|flamengo|lead|triagem|reativado|em atendimento,,15,2026-07-07 14:32,2026-09-29 14:25,conversas/marianna_pires_de_amorim_Xg4DpTcVizhmMoLrSrLy.md
jonas rodrigues,,QzbyH8ChVDO6IsP2xePm,outros descontos|flamengo|lead|triagem|em atendimento,,14,2026-09-28 16:19,2026-09-28 17:17,conversas/jonas_rodrigues_QzbyH8ChVDO6IsP2xePm.md
luzilene da costa azevedo,,BtwG0NDLR9v6Gxl9zj4I,"axila r$94,90|ilha do governador 2|triagem|3 sessões|reativado|flamengo|lead|comanda cortesia aberta",,44,2026-06-11 16:30,2026-09-26 16:21,conversas/luzilene_da_costa_azevedo_BtwG0NDLR9v6Gxl9zj4I.md
liliane oliveira barbosa,,xSikpaFdDurcj9oLohBU,"axila r$94,90|flamengo|lead|triagem|em atendimento|3 sessões",,49,2026-09-18 15:12,2026-09-24 17:38,conversas/liliane_oliveira_barbosa_xSikpaFdDurcj9oLohBU.md
mario,,aIHma3LMDThxLWcwOXGK,outros descontos|flamengo|lead|triagem,,8,2026-09-24 10:48,2026-09-24 13:51,conversas/mario_aIHma3LMDThxLWcwOXGK.md
maria erenita,,A6U1yB6z6moR7i30M3ow,outros descontos|flamengo|lead|triagem,,4,2026-09-24 12:53,2026-09-24 13:26,conversas/maria_erenita_A6U1yB6z6moR7i30M3ow.md
guacirema rosário,,yGRK5Be5Oh7dFl9ZsitY,outros descontos|flamengo|lead|triagem,,4,2026-09-24 11:38,2026-09-24 13:26,conversas/guacirema_rosário_yGRK5Be5Oh7dFl9ZsitY.md
marlene mezzalira,,SKnb56nWt9xWgEKA6ox8,outros descontos|flamengo|lead|triagem,,5,2026-09-23 13:15,2026-09-23 15:57,conversas/marlene_mezzalira_SKnb56nWt9xWgEKA6ox8.md
jonathan administracão,,3VA7F2xmTJfC3BfXbD4j,outros descontos|flamengo|lead|triagem|em atendimento,,10,2026-09-23 12:12,2026-09-23 12:39,conversas/jonathan_administracão_3VA7F2xmTJfC3BfXbD4j.md
eduardo da silva,,s8WSA4BdoImYnZ3mWtdO,outros descontos|flamengo|lead|triagem,,6,2026-09-19 13:22,2026-09-22 12:21,conversas/eduardo_da_silva_s8WSA4BdoImYnZ3mWtdO.md
manda umas amostras,,FSs78Qd8dEWYyiVptRot,outros descontos|flamengo|lead|triagem,,8,2026-09-19 13:19,2026-09-22 12:21,conversas/manda_umas_amostras_FSs78Qd8dEWYyiVptRot.md
ruth,,KGD0IFpwTQoV3JPmqhFE,"axila r$94,90|flamengo|lead|triagem",,5,2026-09-19 13:05,2026-09-22 12:20,conversas/ruth_KGD0IFpwTQoV3JPmqhFE.md
thiago moura,,QUFYjL4EgTtSFuFh9sb3,outros descontos|flamengo|lead|triagem,,7,2026-09-19 10:39,2026-09-22 12:20,conversas/thiago_moura_QUFYjL4EgTtSFuFh9sb3.md
geraldo franco,,GN0dY5PoxgAKRTg2HpeA,"axila r$94,90|flamengo|lead|triagem",,5,2026-09-19 11:54,2026-09-22 12:19,conversas/geraldo_franco_GN0dY5PoxgAKRTg2HpeA.md
carlos messias,,1363dVwnB2pGG7gllSSf,outros descontos|flamengo|lead|triagem,,21,2026-09-21 10:16,2026-09-22 11:47,conversas/carlos_messias_1363dVwnB2pGG7gllSSf.md
rosangela,,xnbodEd6HusCQWzX0tch,flamengo|lead|triagem|reativado|outros descontos|em atendimento,,48,2026-08-13 16:02,2026-09-21 13:16,conversas/rosangela_xnbodEd6HusCQWzX0tch.md
giselle lemos,,ZwNhvBzQYyAnFPxChYHi,flamengo|lead|triagem,,9,2026-08-25 15:18,2026-09-21 13:14,conversas/giselle_lemos_ZwNhvBzQYyAnFPxChYHi.md
29468,,RlT2NDUkIWtgcRJod20v,"axila r$94,90|flamengo|lead|triagem",,9,2026-09-18 14:48,2026-09-21 13:13,conversas/29468_RlT2NDUkIWtgcRJod20v.md
tiana nicácio,,of5QKp18vxYvasjGnN4M,outros descontos|flamengo|lead|triagem,,6,2026-09-21 12:44,2026-09-21 13:11,conversas/tiana_nicácio_of5QKp18vxYvasjGnN4M.md
danielle lima lacerda bartolome,,IaFTP99Z96M5XoYDrJQj,3 sessões|flamengo|lead|triagem|em atendimento,,24,2026-09-17 11:44,2026-09-18 10:32,conversas/danielle_lima_lacerda_bartolome_IaFTP99Z96M5XoYDrJQj.md
essa promoção só vale pro flamengo?,,VRktlKs8k4TtXYF5e4oh,3 sessões|flamengo|lead|triagem|em atendimento,,17,2026-09-17 16:14,2026-09-17 16:26,conversas/essa_promoção_só_vale_pro_flamengo_VRktlKs8k4TtXYF5e4oh.md
evandro de lucas,,HbMCqeLv9HruNfcXPJoR,flamengo|lead|triagem,,4,2026-09-17 09:04,2026-09-17 14:33,conversas/evandro_de_lucas_HbMCqeLv9HruNfcXPJoR.md
luzia,,Gf3mSKqi1BYnrj9OycNZ,outros descontos|flamengo|lead|triagem,,6,2026-09-16 12:52,2026-09-16 13:46,conversas/luzia_Gf3mSKqi1BYnrj9OycNZ.md
tá quanto depilação nas axilas,,briwHvdfH7oFgGRaCxTG,"axila r$94,90|flamengo|lead|triagem|em atendimento",,11,2026-09-16 10:22,2026-09-16 11:18,conversas/tá_quanto_depilação_nas_axilas_briwHvdfH7oFgGRaCxTG.md
gostaria de saber sobre os pacotes,,OZ0wPHJtkAlZhUexoTEI,outros descontos|flamengo|lead|triagem|em atendimento,,18,2026-08-31 11:53,2026-09-16 10:59,conversas/gostaria_de_saber_sobre_os_pacotes_OZ0wPHJtkAlZhUexoTEI.md
paula,,67CeD8m2sBPSl6gKJDoG,"axila r$94,90|flamengo|lead|triagem",,6,2026-09-15 16:38,2026-09-15 18:13,conversas/paula_67CeD8m2sBPSl6gKJDoG.md
até qdo vai ter ter essa promoção?,,1DsQJFmulwJNZWF2LTmx,3 sessões|flamengo|lead|triagem|reativado|outros descontos|em atendimento,Gerência Ilha do Governador 2 Pello Menos,32,2026-07-09 23:32,2026-09-15 13:31,conversas/até_qdo_vai_ter_ter_essa_promoção_1DsQJFmulwJNZWF2LTmx.md
cínthya xavier🤪,,KMvtpAP6Aof6OOjmVvq1,flamengo|lead|triagem,,12,2026-09-15 10:13,2026-09-15 11:37,conversas/cínthya_xavier_KMvtpAP6Aof6OOjmVvq1.md
grazielle mendes da silva,,D3b81ozRFqvO3epO7rua,3 sessões|flamengo|lead|triagem|reativado|sem resposta,,11,2026-07-18 15:50,2026-09-15 11:36,conversas/grazielle_mendes_da_silva_D3b81ozRFqvO3epO7rua.md
antônia soares cunha,,TWdu55stcOEfNYrAC1QK,3 sessões|flamengo|lead|triagem|comanda cortesia aberta,,31,2026-08-28 13:38,2026-09-15 11:35,conversas/antônia_soares_cunha_TWdu55stcOEfNYrAC1QK.md
adriana messias galdino,,oj8C1m9hy7ISFUDsfsh6,3 sessões|flamengo|lead|triagem|sem resposta,,16,2026-09-02 10:48,2026-09-15 11:33,conversas/adriana_messias_galdino_oj8C1m9hy7ISFUDsfsh6.md
"boa tarde! meu nome é duda, teria como ter esse desconto em botafogo, é que eu moro aqui aí fica mais facil pra mim",,Ak6beLRqUdMDCnKX1E5p,outros descontos|flamengo|lead|triagem|sem resposta,,14,2026-08-31 13:49,2026-09-15 11:33,conversas/boa_tarde_meu_nome_é_duda_teria_como_ter_esse_desconto_em_bo_Ak6beLRqUdMDCnKX1E5p.md
flavia regina pereira castro,,ewO0RShVTyuCwNPgSm6T,3 sessões|flamengo|lead|triagem|em atendimento,,12,2026-09-03 12:33,2026-09-15 11:32,conversas/flavia_regina_pereira_castro_ewO0RShVTyuCwNPgSm6T.md
isabela almeida da silva,,2hN4JMEqsckPyDhBI6UL,3 sessões|flamengo|lead|triagem|em atendimento,,14,2026-09-02 13:02,2026-09-15 11:32,conversas/isabela_almeida_da_silva_2hN4JMEqsckPyDhBI6UL.md
chris oliveira,,Gay6UFYm6Wkvynn2eASi,3 sessões|flamengo|lead|triagem|em atendimento,,14,2026-09-04 12:24,2026-09-15 11:31,conversas/chris_oliveira_Gay6UFYm6Wkvynn2eASi.md
"*headline:* conheça a pello menos flamengo *source url:* https://fb.me/4rkmjtw0f olá! gostaria de resgatar o voucher das 3 sessões de axilas ou buço, por favor.",,C0qvFqRnntq1tKiVE39b,3 sessões|flamengo|lead|triagem,,18,2026-09-11 09:51,2026-09-11 13:57,conversas/headline_conheça_a_pello_menos_flamengo_source_url_https_fb__C0qvFqRnntq1tKiVE39b.md
natilia pontes 💋,,R82IM0noIcZ8SdlybjrF,outros descontos|flamengo|lead|triagem,,4,2026-09-11 13:42,2026-09-11 13:53,conversas/natilia_pontes_R82IM0noIcZ8SdlybjrF.md
luan gomes da silva,,tOMeF7jI6JygVGxYD3L4,3 sessões|flamengo|lead|triagem,,11,2026-09-04 12:17,2026-09-04 14:34,conversas/luan_gomes_da_silva_tOMeF7jI6JygVGxYD3L4.md
qual o endereço,,7ESXCVKb3McjeflKsZgd,3 sessões|flamengo|lead|triagem,,8,2026-09-04 11:38,2026-09-04 12:10,conversas/qual_o_endereço_7ESXCVKb3McjeflKsZgd.md
valéria,,VzYUHhoRgHn5Ufg5qUTf,outros descontos|flamengo|lead|triagem,,6,2026-09-03 16:53,2026-09-03 19:14,conversas/valéria_VzYUHhoRgHn5Ufg5qUTf.md
victor hugo rodrigues torres salgueiro,,ei0eiFhhvkj7X7SRHg4J,3 sessões|flamengo|lead|triagem|comanda cortesia aberta,,13,2026-07-20 09:01,2026-09-01 14:50,conversas/victor_hugo_rodrigues_torres_salgueiro_ei0eiFhhvkj7X7SRHg4J.md
*headline:* conheça a pello menos flamengo *source url:* https://www.instagram.com/p/dbs61vlgmwy/ beatriz marocco figueiredo vaz,,gxPQw3ic8XQrrBFANkhb,3 sessões|flamengo|lead|triagem|sem resposta,,16,2026-08-27 11:14,2026-09-01 12:33,conversas/headline_conheça_a_pello_menos_flamengo_source_url_https_www_gxPQw3ic8XQrrBFANkhb.md
"gostaria de saber se possui algum combo com virilha, buço",,HwGiqLDv1RwyB74FrC3v,outros descontos|flamengo|lead|triagem|sem resposta,,16,2026-08-28 17:40,2026-09-01 12:32,conversas/gostaria_de_saber_se_possui_algum_combo_com_virilha_buço_HwGiqLDv1RwyB74FrC3v.md
patrícia oliveira,,8lpZVCXrMFbKIbWHJohH,flamengo|lead|triagem,,4,2026-08-31 09:38,2026-08-31 19:04,conversas/patrícia_oliveira_8lpZVCXrMFbKIbWHJohH.md
𝕯𝖆𝖎𝖘𝖞 𝕸𝖆𝖗𝖙𝖎𝖓𝖘👑,,9ZN7ApuTpeMXB4qGzrmn,3 sessões|flamengo|lead|triagem|reativado|em atendimento,,11,2026-08-05 11:57,2026-08-28 17:23,conversas/𝕯𝖆𝖎𝖘𝖞_𝕸𝖆𝖗𝖙𝖎𝖓𝖘_9ZN7ApuTpeMXB4qGzrmn.md
alzeni campos,,8gGrUgFKRyiVtfmfmMXm,3 sessões|flamengo|lead|triagem,,8,2026-08-27 11:47,2026-08-28 15:34,conversas/alzeni_campos_8gGrUgFKRyiVtfmfmMXm.md
josete luna,,ncEWwA761YGzkOVU8PNA,outros descontos|flamengo|lead|triagem|sem resposta,,7,2026-08-25 14:49,2026-08-27 15:00,conversas/josete_luna_ncEWwA761YGzkOVU8PNA.md
*𝓐𝓵𝓲𝓷𝓮*✍️,,yT7gP6N6fIf4CL1Gk0nk,3 sessões|flamengo|lead|triagem|reativado|em atendimento,,17,2026-07-07 12:40,2026-08-27 14:58,conversas/𝓐𝓵𝓲𝓷𝓮_yT7gP6N6fIf4CL1Gk0nk.md
thata🥰,,vby4fOMpgax0qVjN8dSv,3 sessões|flamengo|lead|triagem|reativado|sem resposta,,10,2026-07-18 12:41,2026-08-27 14:57,conversas/thata_vby4fOMpgax0qVjN8dSv.md
maria,,WviWP3q3PQEdYH1V6TkJ,outros descontos|flamengo|lead|triagem,,7,2026-08-26 09:17,2026-08-26 10:00,conversas/maria_WviWP3q3PQEdYH1V6TkJ.md
ana clara teixeira de almeida,,2pgJeeP8xnnzcKAI7QM7,3 sessões|flamengo|lead|triagem|reativado|comanda cortesia aberta,,21,2026-07-22 13:02,2026-08-25 10:21,conversas/ana_clara_teixeira_de_almeida_2pgJeeP8xnnzcKAI7QM7.md
❤️,,GMazW167Eyv0PP9yUIl6,3 sessões|flamengo|lead|triagem|reativado|em atendimento,,9,2026-07-04 13:56,2026-08-22 12:02,conversas/sem-nome_GMazW167Eyv0PP9yUIl6.md
simone pinheiro,,GPTMBlML38QTpJ1IZWt2,outros descontos|flamengo|lead|triagem|reativado|em atendimento,,12,2026-07-16 17:17,2026-08-22 11:05,conversas/simone_pinheiro_GPTMBlML38QTpJ1IZWt2.md
vanessa barbosa,,Ng7aNqRnzH78sZhzSBJ4,outros descontos|flamengo|sem resposta,,15,2026-05-27 14:28,2026-08-22 10:55,conversas/vanessa_barbosa_Ng7aNqRnzH78sZhzSBJ4.md
é só para novos clientes?,,DaOkbEfsN3fsavYDNrRY,3 sessões|flamengo|triagem|sem resposta,,9,2026-05-29 11:55,2026-08-22 10:54,conversas/é_só_para_novos_clientes_DaOkbEfsN3fsavYDNrRY.md
"*headline:* conheça a pello menos nova iguaçu 2 *source url:* https://www.instagram.com/p/dy5aadmjgvh/ olá! gostaria de resgatar o voucher das 3 sessões de axilas ou buço, por favor.",,JL5mNzOfzAicGjewxcS3,flamengo|triagem|sem resposta,,18,2026-05-28 13:32,2026-08-22 10:54,conversas/headline_conheça_a_pello_menos_nova_iguaçu_2_source_url_http_JL5mNzOfzAicGjewxcS3.md
lucilene,,ot2eW6hfAkBvGpIgD7Ym,3 sessões|flamengo|triagem|sem resposta,,5,2026-05-30 15:52,2026-08-22 10:53,conversas/lucilene_ot2eW6hfAkBvGpIgD7Ym.md
simone do nascimento vieira quadros,,Hs73MjOTAcPPlAVhtclc,3 sessões|flamengo|lead|triagem|sem resposta,,7,2026-06-25 17:33,2026-08-22 10:44,conversas/simone_do_nascimento_vieira_quadros_Hs73MjOTAcPPlAVhtclc.md
tati,,cWn6Ed3dEDJck2p3sdpl,"axila r$94,90|flamengo|lead|triagem|sem resposta",,6,2026-06-23 16:00,2026-08-22 10:44,conversas/tati_cWn6Ed3dEDJck2p3sdpl.md
célia 🌻,,IHOKPpVkfS3DxKLJRmll,3 sessões|flamengo|lead|triagem|sem resposta,,5,2026-06-23 09:33,2026-08-22 10:44,conversas/célia_IHOKPpVkfS3DxKLJRmll.md
fernanda kely,,ZpRdmYk16xUcKXkakX9h,3 sessões|flamengo|lead|triagem|sem resposta,,5,2026-06-25 17:52,2026-08-22 10:43,conversas/fernanda_kely_ZpRdmYk16xUcKXkakX9h.md
*headline:* conheça a pello menos flamengo *source url:* https://fb.me/42ygv8wsi leandra llopis,,AGYqrsoOpv5tfRO9ffwC,3 sessões|flamengo|lead|triagem|sem resposta,,7,2026-06-26 13:32,2026-08-22 10:42,conversas/headline_conheça_a_pello_menos_flamengo_source_url_https_fb__AGYqrsoOpv5tfRO9ffwC.md
bom dia!,,SRCAmVeOOeRwIR28GgwO,3 sessões|flamengo|lead|triagem|sem resposta,,13,2026-06-26 10:52,2026-08-22 10:42,conversas/bom_dia_SRCAmVeOOeRwIR28GgwO.md
carol albuquerque,,SSAGy1GdqMPbcnibDyVB,3 sessões|flamengo|lead|triagem|sem resposta,,5,2026-07-01 17:50,2026-08-22 10:41,conversas/carol_albuquerque_SSAGy1GdqMPbcnibDyVB.md
janaina agra,,usgGnowWPnHHpz4l9IhD,3 sessões|flamengo|lead|triagem|sem resposta,,6,2026-06-27 12:46,2026-08-22 10:41,conversas/janaina_agra_usgGnowWPnHHpz4l9IhD.md
maria.,,F3jDLKx7ffmwAKIGh0fy,"axila r$94,90|flamengo|lead|triagem|sem resposta",,5,2026-06-27 12:36,2026-08-22 10:41,conversas/maria_F3jDLKx7ffmwAKIGh0fy.md
alzeni campos,,XLeiSTQvEDPQtCtqK0n7,3 sessões|flamengo|lead|triagem|sem resposta,,8,2026-07-04 12:25,2026-08-22 10:40,conversas/alzeni_campos_XLeiSTQvEDPQtCtqK0n7.md
queren,,ydIVx23zcuidDxv1pPOI,3 sessões|flamengo|lead|triagem|sem resposta,,6,2026-07-07 11:41,2026-08-22 10:39,conversas/queren_ydIVx23zcuidDxv1pPOI.md
giovanna lissa,,vaWsWlLwVtHJsG8H2Oyq,3 sessões|flamengo|lead|triagem|sem resposta,,6,2026-07-07 12:53,2026-08-22 10:38,conversas/giovanna_lissa_vaWsWlLwVtHJsG8H2Oyq.md
quanto custa face completa,,dpp2v1MXfuQ9WTmkpTgy,3 sessões|flamengo|lead|triagem|sem resposta,,11,2026-07-10 11:30,2026-08-22 10:37,conversas/quanto_custa_face_completa_dpp2v1MXfuQ9WTmkpTgy.md
carla blanca,,ENIZiWuVhqx2wWvEDmU7,3 sessões|flamengo|lead|triagem|reativado|em atendimento,,24,2026-07-16 09:54,2026-08-22 10:36,conversas/carla_blanca_ENIZiWuVhqx2wWvEDmU7.md
germana araújo de oliveira,,z5tagMYt5NSS9FFIey1m,3 sessões|flamengo|lead|triagem|sem resposta,,9,2026-07-11 11:40,2026-08-22 10:36,conversas/germana_araújo_de_oliveira_z5tagMYt5NSS9FFIey1m.md
suzy,,9NuwlqTCJFqIgOWPMzJv,outros descontos|flamengo|lead|triagem|sem resposta,,10,2026-07-13 15:58,2026-08-22 10:35,conversas/suzy_9NuwlqTCJFqIgOWPMzJv.md
claudinha73,,2946SiJZfjEldS2OUBQE,outros descontos|flamengo|lead|triagem|sem resposta,,11,2026-07-11 14:38,2026-08-22 10:35,conversas/claudinha73_2946SiJZfjEldS2OUBQE.md
ana carolina brasil sacramento,,ut3crHtHOSQvIcJSPEw7,3 sessões|flamengo|lead|triagem|sem resposta,,23,2026-07-17 11:52,2026-08-22 10:32,conversas/ana_carolina_brasil_sacramento_ut3crHtHOSQvIcJSPEw7.md
jacira,,gPGkhZunIaMgHuipg4IX,outros descontos|flamengo|lead|triagem|sem resposta,,12,2026-07-18 12:47,2026-08-22 10:31,conversas/jacira_gPGkhZunIaMgHuipg4IX.md
monalisa macena alves,,zPFvzk2KkQhdtWkqyDfQ,3 sessões|flamengo|lead|triagem|sem resposta,,14,2026-07-20 14:33,2026-08-22 10:27,conversas/monalisa_macena_alves_zPFvzk2KkQhdtWkqyDfQ.md
mellomarinssandra,,9Uy8Lrn84TrYU2jBRMru,3 sessões|flamengo|lead|triagem|sem resposta,,6,2026-07-21 14:58,2026-08-22 10:26,conversas/mellomarinssandra_9Uy8Lrn84TrYU2jBRMru.md
márcia cristina0,,zcVDzWb6EMLd3lJlLqkR,3 sessões|flamengo|lead|triagem|sem resposta,,9,2026-07-21 13:13,2026-08-22 10:26,conversas/márcia_cristina0_zcVDzWb6EMLd3lJlLqkR.md
sonia maria,,5wBxtOHUpGhQjI57SCZ6,outros descontos|flamengo|lead|triagem|sem resposta,,6,2026-07-21 17:59,2026-08-22 10:25,conversas/sonia_maria_5wBxtOHUpGhQjI57SCZ6.md
beth de paula,,JnCuJayJJnkFLgf1j54p,outros descontos|flamengo|lead|triagem|sem resposta,,7,2026-07-23 19:46,2026-08-22 10:19,conversas/beth_de_paula_JnCuJayJJnkFLgf1j54p.md
"*headline:* conheça a pello menos flamengo *source url:* https://wa.me/wamo/status/preview/558002821239/120250021877840326 olá! gostaria de resgatar o voucher das 3 sessões de axilas ou buço, por favor.",,wIl2bXZqxrWTMeVBMbwH,outros descontos|3 sessões|flamengo|lead|triagem|sem resposta,,9,2026-07-16 16:48,2026-08-22 10:19,conversas/headline_conheça_a_pello_menos_flamengo_source_url_https_wa__wIl2bXZqxrWTMeVBMbwH.md
boa tarde,,XJAKKLL6dS2AZ5kkK7rb,3 sessões|flamengo|lead|triagem|sem resposta,,11,2026-07-25 14:51,2026-08-22 10:18,conversas/boa_tarde_XJAKKLL6dS2AZ5kkK7rb.md
maria elizabeth,,b8mZOXVLNzxmAQwTA3ya,outros descontos|flamengo|lead|triagem|sem resposta,,7,2026-07-24 14:01,2026-08-22 10:18,conversas/maria_elizabeth_b8mZOXVLNzxmAQwTA3ya.md
sheila,,4kpz2vejbt9jntdWRD4e,outros descontos|flamengo|lead|triagem|sem resposta,,6,2026-07-24 13:43,2026-08-22 10:18,conversas/sheila_4kpz2vejbt9jntdWRD4e.md
*headline:* conheça a pello menos flamengo *source url:* https://www.instagram.com/p/dadlk7ta4hy/ maria claudia,,Jeh2u9kTbjGfCNA6G02c,3 sessões|flamengo|lead|triagem|sem resposta,,11,2026-07-28 09:42,2026-08-22 10:17,conversas/headline_conheça_a_pello_menos_flamengo_source_url_https_www_Jeh2u9kTbjGfCNA6G02c.md
valdeia,,e65PO3bFOk5TGye2hjZ0,outros descontos|flamengo|lead|triagem|sem resposta,,7,2026-07-30 13:44,2026-08-22 10:15,conversas/valdeia_e65PO3bFOk5TGye2hjZ0.md
li queiroz zap💛✨🌻🙏🏽,,DHdQwvIx4OrrYPQEJnPM,outros descontos|flamengo|lead|triagem|sem resposta,,8,2026-07-29 17:53,2026-08-22 10:15,conversas/li_queiroz_zap_DHdQwvIx4OrrYPQEJnPM.md
thayanne ferreira,,jA5V0fvJMeH3V45ZigLc,3 sessões|flamengo|lead|triagem|sem resposta,,6,2026-08-01 10:38,2026-08-22 10:14,conversas/thayanne_ferreira_jA5V0fvJMeH3V45ZigLc.md
bruna de araújo,,nodlsGl1wJCCxQeRr9Iy,3 sessões|flamengo|lead|triagem|sem resposta,,13,2026-07-31 11:50,2026-08-22 10:14,conversas/bruna_de_araújo_nodlsGl1wJCCxQeRr9Iy.md
luiza rocha pereira,,VOkyDDOgPh1VdJ5jwMWq,3 sessões|flamengo|lead|triagem|sem resposta,,9,2026-08-01 14:47,2026-08-22 10:13,conversas/luiza_rocha_pereira_VOkyDDOgPh1VdJ5jwMWq.md
bruna bernardes carvalhal de oliveira,,DdhgM2BYCWsiTErMUaW5,3 sessões|flamengo|lead|triagem|sem resposta,,15,2026-08-01 12:48,2026-08-22 10:13,conversas/bruna_bernardes_carvalhal_de_oliveira_DdhgM2BYCWsiTErMUaW5.md
jacqueline lima,,F8C33y16T5S3uyYQNR3Q,3 sessões|flamengo|lead|triagem|sem resposta,,6,2026-08-01 10:52,2026-08-22 10:13,conversas/jacqueline_lima_F8C33y16T5S3uyYQNR3Q.md
cátia,,pxn3qFWpz3vZy5umCFK4,outros descontos|flamengo|lead|triagem|sem resposta,,5,2026-08-04 07:14,2026-08-22 10:12,conversas/cátia_pxn3qFWpz3vZy5umCFK4.md
alexs.,,nkSkiVx73GaZsyfTBEtF,3 sessões|flamengo|lead|triagem|sem resposta,,6,2026-08-03 13:35,2026-08-22 10:12,conversas/alexs_nkSkiVx73GaZsyfTBEtF.md
angela oliveira,,RNjxEa4WkZMI04fdZtLQ,3 sessões|flamengo|lead|triagem|sem resposta,,5,2026-08-04 10:43,2026-08-22 10:11,conversas/angela_oliveira_RNjxEa4WkZMI04fdZtLQ.md
cristiane pereira barbosa alves,,YfmznfNDvGYT6TqPXt0L,3 sessões|flamengo|lead|triagem|reativado|em atendimento,,19,2026-07-15 11:43,2026-08-21 15:28,conversas/cristiane_pereira_barbosa_alves_YfmznfNDvGYT6TqPXt0L.md
heloísa abreu,,eU1xd94zJEW8BQpiwuhJ,3 sessões|flamengo|lead|triagem|reativado|em atendimento,,14,2026-07-07 12:21,2026-08-21 15:28,conversas/heloísa_abreu_eU1xd94zJEW8BQpiwuhJ.md
giovana rosário,,DpXaXRXk62BL4kqrhUOb,3 sessões|flamengo|lead|triagem|sem resposta,,5,2026-08-04 14:52,2026-08-21 12:41,conversas/giovana_rosário_DpXaXRXk62BL4kqrhUOb.md
luciana carla dos santos,,2no1S4jUHM5FjYiQ1lIN,3 sessões|flamengo|lead|triagem|sem resposta,,15,2026-07-13 15:58,2026-08-21 12:41,conversas/luciana_carla_dos_santos_2no1S4jUHM5FjYiQ1lIN.md
paloma,,5HUTIenaAA2uyQr5DDIH,3 sessões|flamengo|lead|triagem|sem resposta,,6,2026-08-05 09:17,2026-08-21 12:40,conversas/paloma_5HUTIenaAA2uyQr5DDIH.md
jovannah peixoto,,uUnJw8pphOK0Tz4CAXMt,3 sessões|flamengo|lead|triagem|sem resposta,,7,2026-08-04 21:55,2026-08-21 12:40,conversas/jovannah_peixoto_uUnJw8pphOK0Tz4CAXMt.md
vanessa xavier silva,,5OIXjyxEGyLeF7VF5iXY,3 sessões|flamengo|lead|triagem|sem resposta,,8,2026-08-05 13:37,2026-08-21 12:39,conversas/vanessa_xavier_silva_5OIXjyxEGyLeF7VF5iXY.md
luiza avellar,,I2jmpZnbHoG9QzcGmjUm,3 sessões|flamengo|lead|triagem|sem resposta,,8,2026-08-06 15:42,2026-08-21 12:38,conversas/luiza_avellar_I2jmpZnbHoG9QzcGmjUm.md
paula ferreira,,PZEbtoNPsQhSBpK2JUCm,"axila r$94,90|flamengo|lead|triagem|sem resposta",,18,2026-08-06 09:06,2026-08-21 12:38,conversas/paula_ferreira_PZEbtoNPsQhSBpK2JUCm.md
yonah periard,,hOMt4iVb1dRm0iAB4S7n,3 sessões|flamengo|lead|triagem|sem resposta,,5,2026-08-07 17:04,2026-08-21 12:37,conversas/yonah_periard_hOMt4iVb1dRm0iAB4S7n.md
geovanna portela,,rDMgJRIP4P8cPhbINoX8,3 sessões|flamengo|lead|triagem|sem resposta,,7,2026-08-06 16:46,2026-08-21 12:37,conversas/geovanna_portela_rDMgJRIP4P8cPhbINoX8.md
fabiana soares ferreira,,fL6DULwQp6VULuSej9E0,3 sessões|flamengo|lead|triagem|sem resposta,,8,2026-08-10 15:39,2026-08-21 12:36,conversas/fabiana_soares_ferreira_fL6DULwQp6VULuSej9E0.md
rosy campano,,3ktD2vfjplUa3R0CU4ym,outros descontos|flamengo|lead|triagem|sem resposta,,5,2026-08-08 12:15,2026-08-21 12:36,conversas/rosy_campano_3ktD2vfjplUa3R0CU4ym.md
evelyn bastos,,8aJ2674wDIo7zU7VSD6h,3 sessões|flamengo|lead|triagem|sem resposta,,16,2026-08-13 09:37,2026-08-21 12:33,conversas/evelyn_bastos_8aJ2674wDIo7zU7VSD6h.md
daniela alejandra lasso latorre,,qZeUQc8gDXwwyiHTxyS7,flamengo|sem resposta,,23,2026-06-13 10:31,2026-08-21 11:46,conversas/daniela_alejandra_lasso_latorre_qZeUQc8gDXwwyiHTxyS7.md
mary santos,,kAzdSfThCWRWxum8xI5T,3 sessões|flamengo|lead|triagem|reativado|sem resposta,,20,2026-07-27 14:40,2026-08-21 11:42,conversas/mary_santos_kAzdSfThCWRWxum8xI5T.md
lara rodrigues carvalho,,PIOVTaRYTQr2GgSgXH29,3 sessões|flamengo|lead|triagem|comanda cortesia aberta,,17,2026-08-15 12:28,2026-08-15 12:39,conversas/lara_rodrigues_carvalho_PIOVTaRYTQr2GgSgXH29.md
gomes,,RaUsTdCAwNDjIYdvxjIw,flamengo|lead|triagem|em negociação,,4,2026-08-01 11:14,2026-08-14 15:13,conversas/gomes_RaUsTdCAwNDjIYdvxjIw.md
bruna marinho,,J2mlZhoo5p2Z706ytdLt,3 sessões|flamengo|lead|triagem|sem resposta,,5,2026-08-03 16:35,2026-08-14 15:10,conversas/bruna_marinho_J2mlZhoo5p2Z706ytdLt.md
alessandra freitag,,AVhptSzEiM4z3PhOTi5U,3 sessões|flamengo|lead|triagem|comanda cortesia aberta,,23,2026-08-04 15:17,2026-08-14 15:08,conversas/alessandra_freitag_AVhptSzEiM4z3PhOTi5U.md
marcela duarte de araújo,,6npAuTE3LGucLrBkXw8w,outros descontos|flamengo|lead|triagem|sem resposta,,15,2026-07-29 17:20,2026-08-14 15:04,conversas/marcela_duarte_de_araújo_6npAuTE3LGucLrBkXw8w.md
bom diaa! essa promoção da axila só está disponível na unidade do flamengo?,,JDGYbj3ZtMpBiylbEWu2,outros descontos|flamengo|lead|triagem|sem resposta,,7,2026-08-08 10:24,2026-08-14 15:03,conversas/bom_diaa_essa_promoção_da_axila_só_está_disponível_na_unidad_JDGYbj3ZtMpBiylbEWu2.md
manuelle edna,,eNt2awlsoKrYZDC8qEM9,3 sessões|flamengo|lead|triagem|sem resposta,,5,2026-08-12 10:06,2026-08-14 14:50,conversas/manuelle_edna_eNt2awlsoKrYZDC8qEM9.md
malu,,z8OMyD06NdqNL3qyjTi0,3 sessões|flamengo|lead|triagem|sem resposta,,5,2026-08-10 16:45,2026-08-14 14:50,conversas/malu_z8OMyD06NdqNL3qyjTi0.md
monica barbosa guimarães,,ovbxwqEAs2a3k13Rq1Wd,3 sessões|flamengo|lead|triagem|sem resposta,,23,2026-08-12 13:10,2026-08-14 14:49,conversas/monica_barbosa_guimarães_ovbxwqEAs2a3k13Rq1Wd.md
rebeka braune,,i7PnAJUpI9Jrptx1AsU0,3 sessões|flamengo|lead|triagem|sem resposta,,11,2026-08-12 13:57,2026-08-14 14:48,conversas/rebeka_braune_i7PnAJUpI9Jrptx1AsU0.md
olá. aonde. fica,,xeUxSeN6Z5aqa6QK8GYE,3 sessões|flamengo|lead|triagem|sem resposta,,9,2026-08-12 14:36,2026-08-14 14:47,conversas/olá_aonde_fica_xeUxSeN6Z5aqa6QK8GYE.md
ana lucia de oliveira reis,,CILkKWuAQ4s7BVoJ6sXO,3 sessões|flamengo|lead|triagem|comanda cortesia aberta,,17,2026-07-29 16:34,2026-08-14 14:38,conversas/ana_lucia_de_oliveira_reis_CILkKWuAQ4s7BVoJ6sXO.md
aline do nascimento silva,,BJiziEPVeLHg2XckSjop,3 sessões|flamengo|lead|triagem|em atendimento,,36,2026-08-12 16:35,2026-08-14 14:31,conversas/aline_do_nascimento_silva_BJiziEPVeLHg2XckSjop.md
poxa e muito longe eu moro em campo grande,,AChucuUQ5MKjQXEhtW57,3 sessões|flamengo|lead|triagem|sem resposta,,15,2026-08-01 09:54,2026-08-14 14:30,conversas/poxa_e_muito_longe_eu_moro_em_campo_grande_AChucuUQ5MKjQXEhtW57.md
marina amorim romagnoli,,op56pMyXp4S5b1x7XcyO,3 sessões|flamengo|lead|triagem|vendido laser,,55,2026-08-01 12:29,2026-08-14 14:29,conversas/marina_amorim_romagnoli_op56pMyXp4S5b1x7XcyO.md
aonde e isso,,HhYeFryY0FbqxSqq5t9y,3 sessões|flamengo|lead|triagem|sem resposta,,19,2026-08-03 15:53,2026-08-14 14:28,conversas/aonde_e_isso_HhYeFryY0FbqxSqq5t9y.md
marcelly santos do nascimento,,aVoG9pu5j89fWMbRKDJ7,3 sessões|flamengo|lead|triagem|sem resposta,,18,2026-08-04 11:31,2026-08-14 14:27,conversas/marcelly_santos_do_nascimento_aVoG9pu5j89fWMbRKDJ7.md
ana luiza neris,,ugK2OtXJHYndxyICOhY8,3 sessões|flamengo|lead|triagem|comanda cortesia aberta,,17,2026-08-13 15:58,2026-08-14 14:24,conversas/ana_luiza_neris_ugK2OtXJHYndxyICOhY8.md
ronice gomes de jesus arcanjo,,IEqvPHCft3bjS64te1oN,3 sessões|flamengo|lead|triagem|comanda cortesia aberta,,30,2026-08-04 09:50,2026-08-08 11:36,conversas/ronice_gomes_de_jesus_arcanjo_IEqvPHCft3bjS64te1oN.md
ana carolina peçanha pereira 14,,6ytogOG4yR9DY6PHENRE,3 sessões|flamengo|lead|triagem|comanda cortesia aberta,,22,2026-08-04 13:41,2026-08-04 15:07,conversas/ana_carolina_peçanha_pereira_14_6ytogOG4yR9DY6PHENRE.md
marlene oliveira de lima,,45PCtYpfEKe0y6XWhcFX,3 sessões|flamengo|lead|triagem|comanda cortesia aberta,,29,2026-08-04 11:33,2026-08-04 15:07,conversas/marlene_oliveira_de_lima_45PCtYpfEKe0y6XWhcFX.md
mais seria em qual filial,,o15x7nU8vM5jjJv3pAzg,3 sessões|flamengo|lead|triagem|sem resposta,,10,2026-07-16 16:22,2026-07-31 11:57,conversas/mais_seria_em_qual_filial_o15x7nU8vM5jjJv3pAzg.md
ana maria monteiro ❤️,,ahVKQd6EW2b4Bwa9Y3wc,flamengo|lead|triagem,,2,2026-07-29 18:03,2026-07-29 18:03,conversas/ana_maria_monteiro_ahVKQd6EW2b4Bwa9Y3wc.md
janaina 🐶❤️,,nEKzfaKTWtcnGUGB3RVa,"axila r$94,90|flamengo|lead|triagem|sem resposta",,38,2026-06-30 15:34,2026-07-29 12:11,conversas/janaina_nEKzfaKTWtcnGUGB3RVa.md
mara lúcia de souza,,FHsqcdKFob95i5Tjf0Da,3 sessões|flamengo|lead|triagem|sem resposta,,37,2026-06-27 14:37,2026-07-29 12:11,conversas/mara_lúcia_de_souza_FHsqcdKFob95i5Tjf0Da.md
eduardo,,Eng7T2rFI6UfbfotrOEF,3 sessões|flamengo|lead|triagem|comanda cortesia aberta,,8,2026-07-14 13:47,2026-07-29 12:08,conversas/eduardo_Eng7T2rFI6UfbfotrOEF.md
karolina de jesus rodrigues,,w5TTKhRxwyytvVNNMyhk,3 sessões|flamengo|lead|triagem|sem resposta,,18,2026-07-20 13:48,2026-07-29 12:05,conversas/karolina_de_jesus_rodrigues_w5TTKhRxwyytvVNNMyhk.md
simone marilac duarte coelho,,iHGYz4fATMDhB29CW9hl,3 sessões|flamengo|lead|triagem|sem resposta,,27,2026-07-20 15:49,2026-07-29 12:04,conversas/simone_marilac_duarte_coelho_iHGYz4fATMDhB29CW9hl.md
fabiana lourenço dos santos,,WCja69qXNmwCBjtpxNbY,3 sessões|flamengo|lead|triagem|sem resposta,,20,2026-07-22 11:36,2026-07-29 12:00,conversas/fabiana_lourenço_dos_santos_WCja69qXNmwCBjtpxNbY.md
katharine barbosa,,DWtMrrzGy7mAmO5xs1ug,3 sessões|flamengo|lead|triagem|comanda cortesia aberta,,18,2026-07-15 12:58,2026-07-15 16:44,conversas/katharine_barbosa_DWtMrrzGy7mAmO5xs1ug.md
ávila,,gBANWl6xthgV3fQGZbyR,flamengo|lead|triagem,,2,2026-07-15 12:33,2026-07-15 12:34,conversas/ávila_gBANWl6xthgV3fQGZbyR.md
kual.valor.das.panela.preta,,QjQe0TE2KovmMQmF3wd5,outros descontos|flamengo|lead|triagem|sem resposta,,13,2026-07-13 16:05,2026-07-15 10:39,conversas/kual_valor_das_panela_preta_QjQe0TE2KovmMQmF3wd5.md
cintia ferreira,,z7gPiNqMffU8ugcEE66k,flamengo|triagem|sem resposta,,16,2026-05-27 09:54,2026-07-14 11:20,conversas/cintia_ferreira_z7gPiNqMffU8ugcEE66k.md
.,,MNCsA1gxnvKhbmWxLTm9,flamengo|triagem|sem resposta,,4,2026-06-01 12:28,2026-07-14 11:19,conversas/sem-nome_MNCsA1gxnvKhbmWxLTm9.md
alessandra,,1r8rcuEX36sx3ThsUQBG,3 sessões|flamengo|triagem|sem resposta,,4,2026-05-29 15:37,2026-07-14 11:19,conversas/alessandra_1r8rcuEX36sx3ThsUQBG.md
eliane amaral,,hIPGAI5Pqlqo3md66VKf,3 sessões|flamengo|triagem|sem resposta,,4,2026-05-29 14:41,2026-07-14 11:19,conversas/eliane_amaral_hIPGAI5Pqlqo3md66VKf.md
alan gabri’el targaryen,,TzVHwGc9GzvQYFksCkS6,3 sessões|flamengo|triagem|comanda cortesia aberta,,27,2026-05-28 13:30,2026-06-25 13:17,conversas/alan_gabri_el_targaryen_TzVHwGc9GzvQYFksCkS6.md
giovanna barros olivetti,,Ic7f7Y9N52yEwICrOEJv,3 sessões|flamengo|lead|triagem|comanda cortesia aberta,,26,2026-06-24 09:47,2026-06-24 14:43,conversas/giovanna_barros_olivetti_Ic7f7Y9N52yEwICrOEJv.md
